abc, def, ghk
23.000000, 87.000000, 656.000000
24.000000, 13.000000, 6767.000000
67.000000, 999.000000, 546.000000
